w_idf,beta,alpha,lam,tau_idf,tau_j,P@5,P@10,R@10,nDCG@10,MAP
False,0.5,0.3,0.2,16.0,0.1,0.2,0.1254,0.4313,0.3792,0.3305
False,0.5,0.3,0.2,16.0,0.2,0.2,0.1254,0.4313,0.3792,0.3305
False,0.5,0.0,0.05,16.0,0.1,0.191,0.1284,0.4624,0.3742,0.3155
False,0.5,0.0,0.05,16.0,0.2,0.191,0.1284,0.4624,0.3742,0.3155
False,0.5,0.0,0.1,16.0,0.1,0.191,0.1269,0.4549,0.374,0.3181
False,0.5,0.0,0.1,16.0,0.2,0.191,0.1269,0.4549,0.374,0.3181
False,1.0,0.3,0.2,16.0,0.1,0.2,0.1299,0.445,0.3733,0.3154
False,1.0,0.3,0.2,16.0,0.2,0.2,0.1299,0.445,0.3733,0.3156
False,1.0,0.0,0.05,16.0,0.1,0.1791,0.1328,0.4773,0.3731,0.3056
False,0.5,0.0,0.2,16.0,0.1,0.1881,0.1239,0.4276,0.373,0.3272
False,0.5,0.0,0.2,16.0,0.2,0.1881,0.1239,0.4276,0.373,0.3272
False,0.5,0.3,0.2,12.0,0.1,0.197,0.1239,0.4263,0.3719,0.3225
False,0.5,0.0,0.05,12.0,0.1,0.1881,0.1269,0.4574,0.3715,0.3139
False,0.5,0.0,0.1,12.0,0.1,0.1881,0.1254,0.45,0.3713,0.3166
False,1.0,0.0,0.05,12.0,0.1,0.1791,0.1313,0.4724,0.3709,0.3046
False,0.5,0.0,0.2,12.0,0.1,0.1881,0.1224,0.4226,0.3708,0.326
False,1.0,0.0,0.05,16.0,0.2,0.1791,0.1313,0.4699,0.3704,0.3056
False,1.0,0.0,0.1,16.0,0.1,0.1851,0.1284,0.45,0.3695,0.3104
False,1.0,0.0,0.1,16.0,0.2,0.1851,0.1284,0.45,0.3695,0.3104
False,0.5,0.3,0.2,12.0,0.2,0.194,0.1239,0.4263,0.3692,0.3171
False,1.0,0.0,0.2,12.0,0.1,0.1881,0.1254,0.44,0.3676,0.3119
False,1.0,0.0,0.2,16.0,0.1,0.1881,0.1254,0.44,0.3676,0.3125
False,1.0,0.0,0.2,16.0,0.2,0.1881,0.1254,0.44,0.3676,0.3125
False,1.0,0.0,0.1,12.0,0.1,0.1851,0.1269,0.445,0.3674,0.3094
False,1.0,0.3,0.1,16.0,0.1,0.197,0.1284,0.4301,0.367,0.3136
False,1.0,0.3,0.1,16.0,0.2,0.197,0.1284,0.4301,0.367,0.3138
False,1.0,0.0,0.0,16.0,0.1,0.1761,0.1284,0.4612,0.3667,0.3055
False,0.5,0.3,0.2,8.0,0.1,0.197,0.1224,0.4114,0.3666,0.3205
False,1.0,0.0,0.0,16.0,0.2,0.1761,0.1284,0.4612,0.3666,0.3054
False,1.0,0.3,0.2,12.0,0.1,0.2,0.1284,0.44,0.3665,0.3081
False,2.0,0.0,0.2,12.0,0.1,0.1821,0.1239,0.4437,0.3663,0.3072
False,2.0,0.0,0.2,16.0,0.1,0.1821,0.1239,0.4437,0.3663,0.3076
False,2.0,0.0,0.2,16.0,0.2,0.1821,0.1239,0.4437,0.3663,0.3075
False,0.5,0.0,0.2,8.0,0.1,0.1881,0.1209,0.4077,0.3654,0.3241
True,0.5,0.0,0.2,16.0,0.1,0.191,0.1254,0.4516,0.3651,0.3078
False,0.5,0.0,0.1,8.0,0.1,0.1851,0.1239,0.435,0.3649,0.3134
False,2.0,0.3,0.2,12.0,0.1,0.1881,0.1224,0.4326,0.3645,0.3101
False,2.0,0.3,0.2,16.0,0.1,0.1881,0.1224,0.4326,0.3645,0.3107
False,2.0,0.3,0.2,16.0,0.2,0.1881,0.1224,0.4326,0.3645,0.3107
False,0.5,0.0,0.05,12.0,0.2,0.1851,0.1269,0.4574,0.3644,0.3027
False,1.0,0.3,0.1,12.0,0.1,0.194,0.1269,0.4251,0.3643,0.3121
False,0.5,0.0,0.1,12.0,0.2,0.1851,0.1254,0.45,0.3642,0.3054
False,1.0,0.0,0.0,12.0,0.1,0.1761,0.1269,0.4562,0.3642,0.3042
False,0.5,0.3,0.2,8.0,0.2,0.194,0.1224,0.4114,0.3639,0.3152
False,1.0,0.3,0.2,12.0,0.2,0.197,0.1284,0.44,0.3638,0.303
False,0.5,0.0,0.2,12.0,0.2,0.1851,0.1224,0.4226,0.3637,0.3148
True,1.0,0.0,0.2,12.0,0.1,0.194,0.1209,0.4288,0.3635,0.3131
True,1.0,0.0,0.2,16.0,0.1,0.194,0.1209,0.4288,0.3635,0.3137
True,1.0,0.0,0.2,16.0,0.2,0.194,0.1209,0.4288,0.3635,0.3137
True,0.5,0.0,0.2,12.0,0.1,0.191,0.1239,0.4466,0.3629,0.3066
False,2.0,0.0,0.2,12.0,0.2,0.1791,0.1239,0.4437,0.3626,0.2997
True,1.0,0.0,0.1,16.0,0.1,0.191,0.1254,0.4537,0.3625,0.3031
True,1.0,0.0,0.1,16.0,0.2,0.191,0.1254,0.4537,0.3625,0.3031
True,0.5,0.0,0.2,16.0,0.2,0.191,0.1239,0.4441,0.3622,0.3076
False,0.5,0.0,0.05,8.0,0.1,0.1851,0.1254,0.4425,0.3621,0.307
False,2.0,0.0,0.1,12.0,0.1,0.1761,0.1254,0.4487,0.3616,0.301
False,2.0,0.0,0.1,16.0,0.1,0.1761,0.1254,0.4487,0.3616,0.3013
False,2.0,0.0,0.1,16.0,0.2,0.1761,0.1254,0.4487,0.3616,0.3012
False,1.0,0.0,0.05,8.0,0.1,0.1761,0.1299,0.4574,0.3615,0.2978
False,1.0,0.0,0.05,12.0,0.2,0.1761,0.1299,0.4649,0.3611,0.2934
False,2.0,0.3,0.2,12.0,0.2,0.1851,0.1224,0.4326,0.3611,0.3035
True,1.0,0.0,0.2,12.0,0.2,0.191,0.1209,0.4288,0.3606,0.3075
False,1.0,0.0,0.2,12.0,0.2,0.1851,0.1254,0.44,0.3605,0.3007
True,1.0,0.0,0.1,12.0,0.1,0.191,0.1239,0.4487,0.3604,0.3022
False,1.0,0.0,0.1,12.0,0.2,0.1821,0.1269,0.445,0.3603,0.2982
False,0.5,0.3,0.1,16.0,0.1,0.197,0.1239,0.4164,0.3596,0.3102
False,0.5,0.3,0.1,16.0,0.2,0.197,0.1239,0.4164,0.3596,0.3102
True,1.0,0.3,0.2,16.0,0.1,0.194,0.1194,0.4127,0.3593,0.3141
True,1.0,0.3,0.2,16.0,0.2,0.194,0.1194,0.4127,0.3593,0.3144
True,2.0,0.0,0.2,12.0,0.1,0.1851,0.1179,0.4301,0.3593,0.3058
True,2.0,0.0,0.2,16.0,0.1,0.1851,0.1179,0.4301,0.3593,0.3061
True,2.0,0.0,0.2,16.0,0.2,0.1851,0.1179,0.4301,0.3593,0.3061
False,2.0,0.0,0.05,12.0,0.1,0.1791,0.1224,0.44,0.3588,0.302
False,2.0,0.0,0.05,16.0,0.1,0.1791,0.1224,0.44,0.3588,0.3024
False,2.0,0.0,0.05,16.0,0.2,0.1791,0.1224,0.44,0.3588,0.3024
False,0.5,0.0,0.2,8.0,0.2,0.1851,0.1209,0.4077,0.3584,0.3129
False,1.0,0.0,0.2,8.0,0.1,0.1851,0.1239,0.4251,0.3582,0.305
False,1.0,0.0,0.1,8.0,0.1,0.1821,0.1254,0.4301,0.358,0.3026
False,2.0,0.0,0.1,12.0,0.2,0.1731,0.1254,0.4487,0.3579,0.2934
False,0.5,0.0,0.1,8.0,0.2,0.1821,0.1239,0.435,0.3578,0.3022
True,0.5,0.0,0.1,16.0,0.1,0.197,0.1254,0.459,0.3576,0.2959
True,0.5,0.0,0.2,8.0,0.1,0.191,0.1224,0.4317,0.3576,0.3047
False,0.5,0.0,0.0,16.0,0.1,0.1851,0.1239,0.4462,0.3576,0.3037
False,0.5,0.0,0.0,16.0,0.2,0.1851,0.1239,0.4462,0.3576,0.3037
True,1.0,0.0,0.1,12.0,0.2,0.1881,0.1239,0.4487,0.3575,0.2966
True,2.0,0.0,0.1,12.0,0.1,0.1821,0.1179,0.44,0.3574,0.3029
True,2.0,0.0,0.1,16.0,0.1,0.1821,0.1179,0.44,0.3574,0.3033
True,2.0,0.0,0.1,16.0,0.2,0.1821,0.1179,0.44,0.3574,0.3033
True,0.5,0.0,0.2,12.0,0.2,0.1881,0.1224,0.4391,0.3571,0.3008
True,1.0,0.3,0.2,12.0,0.1,0.194,0.1179,0.4077,0.3571,0.3128
False,1.0,0.3,0.2,8.0,0.1,0.197,0.1269,0.4251,0.3571,0.3013
False,1.0,0.0,0.0,12.0,0.2,0.1731,0.1269,0.4562,0.357,0.293
False,1.0,0.3,0.1,12.0,0.2,0.191,0.1269,0.4251,0.357,0.3007
False,2.0,0.0,0.2,8.0,0.1,0.1791,0.1224,0.4288,0.3569,0.3003
False,2.0,0.3,0.1,16.0,0.1,0.1791,0.1239,0.4276,0.3566,0.3034
False,2.0,0.3,0.1,16.0,0.2,0.1791,0.1239,0.4276,0.3566,0.3034
True,0.5,0.3,0.2,16.0,0.1,0.197,0.1209,0.4102,0.3564,0.3116
True,0.5,0.3,0.2,16.0,0.2,0.197,0.1209,0.4102,0.3564,0.3117
False,2.0,0.0,0.05,12.0,0.2,0.1761,0.1224,0.44,0.3562,0.297
False,2.0,0.3,0.2,8.0,0.1,0.1851,0.1209,0.4176,0.3551,0.3031
False,0.5,0.0,0.05,8.0,0.2,0.1821,0.1254,0.4425,0.355,0.2958
True,0.5,0.0,0.1,12.0,0.1,0.194,0.1239,0.4541,0.3549,0.2942
False,0.5,0.0,0.0,12.0,0.1,0.1821,0.1224,0.4413,0.3549,0.302
False,1.0,0.3,0.1,8.0,0.1,0.191,0.1254,0.4102,0.3549,0.3053
True,1.0,0.3,0.1,16.0,0.1,0.2,0.1209,0.4176,0.3548,0.3055
True,1.0,0.3,0.1,16.0,0.2,0.2,0.1209,0.4176,0.3548,0.3058
False,1.0,0.0,0.0,8.0,0.1,0.1731,0.1254,0.4413,0.3548,0.2974
True,0.5,0.0,0.1,16.0,0.2,0.197,0.1239,0.4516,0.3547,0.2957
True,1.0,0.0,0.05,16.0,0.1,0.1881,0.1224,0.4425,0.3547,0.2991
True,1.0,0.0,0.05,16.0,0.2,0.1881,0.1224,0.4425,0.3547,0.2991
False,2.0,0.3,0.1,12.0,0.1,0.1791,0.1224,0.4226,0.3546,0.3025
False,1.0,0.3,0.2,8.0,0.2,0.194,0.1269,0.4251,0.3543,0.2961
False,0.5,0.3,0.05,16.0,0.1,0.194,0.1224,0.4089,0.3542,0.3059
False,0.5,0.3,0.05,16.0,0.2,0.194,0.1224,0.4089,0.3542,0.3059
True,1.0,0.0,0.2,8.0,0.1,0.191,0.1194,0.4139,0.3541,0.3061
False,2.0,0.0,0.0,12.0,0.1,0.1731,0.1224,0.4512,0.3538,0.2948
False,2.0,0.0,0.0,16.0,0.1,0.1731,0.1224,0.4512,0.3538,0.2953
True,0.5,0.3,0.2,12.0,0.1,0.194,0.1194,0.4052,0.3537,0.3097
False,2.0,0.0,0.2,8.0,0.2,0.1761,0.1224,0.4288,0.3532,0.2928
True,2.0,0.0,0.2,12.0,0.2,0.1821,0.1179,0.4301,0.353,0.2965
True,1.0,0.0,0.05,12.0,0.1,0.1881,0.1209,0.4375,0.3524,0.298
False,0.5,0.3,0.1,12.0,0.1,0.194,0.1224,0.4114,0.3523,0.3021
False,2.0,0.0,0.1,8.0,0.1,0.1731,0.1239,0.4338,0.3522,0.294
True,1.0,0.3,0.1,12.0,0.1,0.197,0.1194,0.4127,0.3521,0.3038
True,0.5,0.0,0.2,8.0,0.2,0.1881,0.1209,0.4242,0.3518,0.2988
False,1.0,0.0,0.05,8.0,0.2,0.1731,0.1284,0.45,0.3517,0.2866
False,2.0,0.3,0.2,8.0,0.2,0.1821,0.1209,0.4176,0.3517,0.2966
False,2.0,0.3,0.05,16.0,0.1,0.1821,0.1209,0.4151,0.3514,0.3009
False,2.0,0.3,0.05,16.0,0.2,0.1821,0.1209,0.4151,0.3514,0.301
True,1.0,0.3,0.2,12.0,0.2,0.191,0.1164,0.4002,0.3513,0.3064
True,1.0,0.0,0.2,8.0,0.2,0.1881,0.1194,0.4139,0.3512,0.3005
False,2.0,0.3,0.1,12.0,0.2,0.1761,0.1224,0.4226,0.3512,0.296
True,2.0,0.0,0.1,12.0,0.2,0.1791,0.1179,0.44,0.3511,0.2936
False,1.0,0.0,0.2,8.0,0.2,0.1821,0.1239,0.4251,0.3511,0.2938
False,1.0,0.3,0.05,16.0,0.1,0.194,0.1269,0.4226,0.3511,0.2964
False,1.0,0.3,0.05,16.0,0.2,0.194,0.1269,0.4226,0.3511,0.2966
True,1.0,0.0,0.1,8.0,0.1,0.1881,0.1224,0.4338,0.3509,0.2952
False,1.0,0.0,0.1,8.0,0.2,0.1791,0.1254,0.4301,0.3509,0.2914
False,2.0,0.0,0.0,16.0,0.2,0.1731,0.1209,0.4437,0.3509,0.295
True,2.0,0.0,0.2,8.0,0.1,0.1821,0.1164,0.4151,0.3499,0.2988
True,2.0,0.3,0.1,16.0,0.1,0.1851,0.1194,0.4127,0.3497,0.301
True,2.0,0.3,0.1,16.0,0.2,0.1851,0.1194,0.4127,0.3497,0.3012
False,0.5,0.3,0.1,12.0,0.2,0.191,0.1224,0.4114,0.3496,0.2968
True,2.0,0.0,0.05,12.0,0.1,0.1791,0.1164,0.4363,0.3493,0.2951
True,2.0,0.0,0.05,16.0,0.1,0.1791,0.1164,0.4363,0.3493,0.2954
True,2.0,0.0,0.05,16.0,0.2,0.1791,0.1164,0.4363,0.3493,0.2954
False,2.0,0.0,0.05,8.0,0.1,0.1761,0.1209,0.4251,0.3493,0.2951
False,2.0,0.3,0.05,12.0,0.1,0.1821,0.1194,0.4102,0.3493,0.3
True,0.5,0.0,0.1,12.0,0.2,0.191,0.1224,0.4466,0.3491,0.2884
True,0.5,0.0,0.05,16.0,0.1,0.191,0.1224,0.4478,0.3489,0.2903
True,0.5,0.0,0.05,16.0,0.2,0.191,0.1224,0.4478,0.3487,0.2903
True,0.5,0.0,0.1,8.0,0.1,0.191,0.1224,0.4391,0.3485,0.291
True,2.0,0.3,0.2,12.0,0.1,0.1821,0.1164,0.4027,0.3485,0.3019
True,2.0,0.3,0.2,16.0,0.1,0.1821,0.1164,0.4027,0.3485,0.3025
True,2.0,0.3,0.2,16.0,0.2,0.1821,0.1164,0.4027,0.3485,0.3028
False,2.0,0.0,0.1,8.0,0.2,0.1701,0.1239,0.4338,0.3485,0.2865
True,0.5,0.3,0.2,8.0,0.1,0.194,0.1179,0.3903,0.3484,0.3078
False,1.0,0.3,0.05,12.0,0.1,0.191,0.1254,0.4176,0.3484,0.2948
False,2.0,0.0,0.0,12.0,0.2,0.1701,0.1209,0.4437,0.3484,0.2896
True,0.5,0.3,0.1,16.0,0.1,0.2,0.1194,0.4027,0.3483,0.3035
True,0.5,0.3,0.1,16.0,0.2,0.2,0.1194,0.4027,0.3483,0.3037
True,1.0,0.0,0.1,8.0,0.2,0.1851,0.1224,0.4338,0.3481,0.2896
True,2.0,0.0,0.1,8.0,0.1,0.1791,0.1164,0.4251,0.348,0.296
True,0.5,0.3,0.2,12.0,0.2,0.191,0.1179,0.3977,0.3479,0.3032
False,0.5,0.0,0.0,12.0,0.2,0.1791,0.1224,0.4413,0.3478,0.2908
True,1.0,0.3,0.2,8.0,0.1,0.191,0.1164,0.3928,0.3477,0.3059
True,2.0,0.3,0.1,12.0,0.1,0.1851,0.1179,0.4077,0.3477,0.3001
False,1.0,0.0,0.0,8.0,0.2,0.1701,0.1254,0.4413,0.3476,0.2861
False,1.0,0.3,0.1,8.0,0.2,0.1881,0.1254,0.4102,0.3476,0.2939
False,0.5,0.3,0.05,12.0,0.1,0.191,0.1209,0.4039,0.3469,0.2977
False,2.0,0.0,0.05,8.0,0.2,0.1731,0.1209,0.4251,0.3468,0.2901
True,0.5,0.0,0.05,12.0,0.1,0.1881,0.1209,0.4429,0.3462,0.2886
True,1.0,0.0,0.05,12.0,0.2,0.1851,0.1209,0.4375,0.3462,0.2887
False,2.0,0.3,0.05,12.0,0.2,0.1791,0.1194,0.4102,0.346,0.2935
False,0.5,0.3,0.1,8.0,0.1,0.191,0.1209,0.3965,0.3458,0.299
True,0.5,0.3,0.1,12.0,0.1,0.197,0.1179,0.3977,0.3456,0.3016
False,0.5,0.0,0.0,8.0,0.1,0.1791,0.1209,0.4263,0.3455,0.2952
False,2.0,0.3,0.1,8.0,0.1,0.1761,0.1209,0.4077,0.3452,0.2956
False,2.0,0.0,0.0,8.0,0.1,0.1701,0.1209,0.4363,0.3444,0.2879
False,0.5,0.3,0.05,12.0,0.2,0.1881,0.1209,0.4039,0.3442,0.2924
True,2.0,0.0,0.2,8.0,0.2,0.1791,0.1164,0.4151,0.3436,0.2895
False,1.0,0.3,0.0,16.0,0.1,0.1881,0.1254,0.4064,0.3436,0.2929
False,1.0,0.3,0.0,16.0,0.2,0.1881,0.1254,0.4064,0.3436,0.2931
False,0.5,0.3,0.1,8.0,0.2,0.1881,0.1209,0.3965,0.3431,0.2936
True,1.0,0.0,0.05,8.0,0.1,0.1851,0.1194,0.4226,0.343,0.2911
True,1.0,0.3,0.1,12.0,0.2,0.194,0.1179,0.4052,0.343,0.2937
True,0.5,0.0,0.1,8.0,0.2,0.1881,0.1209,0.4317,0.3427,0.2852
True,1.0,0.3,0.1,8.0,0.1,0.194,0.1179,0.3977,0.3427,0.2968
True,2.0,0.3,0.2,12.0,0.2,0.1791,0.1149,0.3952,0.3427,0.2955
True,0.5,0.3,0.2,8.0,0.2,0.191,0.1164,0.3828,0.3426,0.3012
True,1.0,0.3,0.2,8.0,0.2,0.1881,0.1149,0.3853,0.3419,0.2995
False,2.0,0.3,0.1,8.0,0.2,0.1731,0.1209,0.4077,0.3418,0.2891
True,2.0,0.0,0.1,8.0,0.2,0.1761,0.1164,0.4251,0.3417,0.2867
True,1.0,0.0,0.0,16.0,0.1,0.1821,0.1194,0.4276,0.3415,0.2885
True,1.0,0.0,0.0,16.0,0.2,0.1821,0.1194,0.4276,0.3415,0.2885
False,1.0,0.3,0.05,12.0,0.2,0.1881,0.1254,0.4176,0.3411,0.2835
False,1.0,0.3,0.0,12.0,0.1,0.1851,0.1239,0.4015,0.3409,0.2913
True,2.0,0.0,0.05,8.0,0.1,0.1761,0.1149,0.4214,0.3399,0.2881
False,2.0,0.3,0.05,8.0,0.1,0.1791,0.1179,0.3952,0.3399,0.2931
True,0.5,0.0,0.05,8.0,0.1,0.1851,0.1194,0.4279,0.3398,0.2854
True,0.5,0.3,0.1,8.0,0.1,0.194,0.1164,0.3828,0.3398,0.2991
True,2.0,0.0,0.05,12.0,0.2,0.1761,0.1164,0.4363,0.3397,0.282
True,2.0,0.3,0.2,8.0,0.1,0.1791,0.1149,0.3878,0.3391,0.2949
True,1.0,0.0,0.0,12.0,0.1,0.1821,0.1179,0.4226,0.339,0.2873
False,1.0,0.3,0.05,8.0,0.1,0.1881,0.1239,0.4027,0.339,0.288
False,2.0,0.0,0.0,8.0,0.2,0.1672,0.1194,0.4288,0.339,0.2827
False,2.0,0.3,0.0,16.0,0.1,0.1821,0.1194,0.399,0.3387,0.2907
False,2.0,0.3,0.0,16.0,0.2,0.1821,0.1194,0.399,0.3387,0.2907
True,2.0,0.3,0.1,12.0,0.2,0.1821,0.1164,0.4002,0.3385,0.2899
False,0.5,0.0,0.0,8.0,0.2,0.1761,0.1209,0.4263,0.3384,0.284
True,2.0,0.3,0.1,8.0,0.1,0.1821,0.1164,0.3928,0.3382,0.2932
True,0.5,0.0,0.05,12.0,0.2,0.1851,0.1209,0.4429,0.3379,0.2767
False,0.5,0.3,0.05,8.0,0.1,0.1881,0.1194,0.389,0.3375,0.2909
True,1.0,0.3,0.05,16.0,0.1,0.2,0.1164,0.3915,0.337,0.2937
True,1.0,0.3,0.05,16.0,0.2,0.2,0.1164,0.3915,0.337,0.294
True,1.0,0.0,0.05,8.0,0.2,0.1821,0.1194,0.4226,0.3368,0.2818
True,2.0,0.3,0.05,16.0,0.1,0.1761,0.1149,0.389,0.3368,0.2929
True,2.0,0.3,0.05,16.0,0.2,0.1761,0.1149,0.389,0.3368,0.2932
False,2.0,0.3,0.05,8.0,0.2,0.1761,0.1179,0.3952,0.3366,0.2866
False,2.0,0.3,0.0,12.0,0.1,0.1821,0.1179,0.394,0.3365,0.2896
True,0.5,0.0,0.0,16.0,0.1,0.1851,0.1179,0.4201,0.336,0.2847
True,0.5,0.0,0.0,16.0,0.2,0.1851,0.1179,0.4201,0.3359,0.2848
True,0.5,0.3,0.1,12.0,0.2,0.194,0.1164,0.3903,0.3352,0.2901
True,2.0,0.3,0.05,12.0,0.1,0.1761,0.1134,0.384,0.3348,0.292
False,0.5,0.3,0.05,8.0,0.2,0.1851,0.1194,0.389,0.3348,0.2856
True,1.0,0.3,0.05,12.0,0.1,0.197,0.1149,0.3865,0.3343,0.2919
True,1.0,0.3,0.1,8.0,0.2,0.191,0.1164,0.3903,0.3336,0.2867
False,1.0,0.3,0.0,12.0,0.2,0.1821,0.1239,0.4015,0.3336,0.28
True,0.5,0.0,0.0,12.0,0.1,0.1821,0.1164,0.4151,0.3333,0.2829
True,2.0,0.3,0.2,8.0,0.2,0.1761,0.1134,0.3803,0.3333,0.2885
False,2.0,0.3,0.0,12.0,0.2,0.1791,0.1179,0.394,0.3331,0.2831
True,2.0,0.0,0.0,12.0,0.1,0.1701,0.1134,0.4151,0.3328,0.2854
True,2.0,0.0,0.0,16.0,0.1,0.1701,0.1134,0.4151,0.3328,0.2859
True,2.0,0.0,0.0,16.0,0.2,0.1701,0.1134,0.4151,0.3328,0.2859
True,0.5,0.3,0.05,16.0,0.1,0.2,0.1164,0.3803,0.3324,0.2918
True,0.5,0.3,0.05,16.0,0.2,0.2,0.1164,0.3803,0.3324,0.292
False,0.5,0.3,0.0,16.0,0.1,0.1881,0.1164,0.3778,0.332,0.2923
False,0.5,0.3,0.0,16.0,0.2,0.1881,0.1164,0.3778,0.332,0.2923
False,1.0,0.3,0.05,8.0,0.2,0.1851,0.1239,0.4027,0.3317,0.2767
False,1.0,0.3,0.0,8.0,0.1,0.1821,0.1224,0.3865,0.3315,0.2844
True,0.5,0.0,0.05,8.0,0.2,0.1821,0.1194,0.4279,0.3314,0.2736
True,2.0,0.0,0.05,8.0,0.2,0.1731,0.1149,0.4214,0.3303,0.275
True,1.0,0.0,0.0,12.0,0.2,0.1761,0.1179,0.4226,0.3297,0.2745
True,1.0,0.0,0.0,8.0,0.1,0.1791,0.1164,0.4077,0.3296,0.2804
True,1.0,0.3,0.0,16.0,0.1,0.1881,0.1149,0.389,0.3296,0.2863
True,1.0,0.3,0.0,16.0,0.2,0.1881,0.1149,0.389,0.3296,0.2867
True,0.5,0.3,0.1,8.0,0.2,0.191,0.1149,0.3753,0.3295,0.2877
True,2.0,0.3,0.1,8.0,0.2,0.1791,0.1149,0.3853,0.3291,0.283
True,0.5,0.3,0.05,12.0,0.1,0.197,0.1149,0.3753,0.329,0.2886
False,2.0,0.3,0.0,8.0,0.1,0.1791,0.1164,0.3791,0.3271,0.2827
True,1.0,0.3,0.0,12.0,0.1,0.1851,0.1134,0.384,0.3263,0.2832
True,2.0,0.3,0.05,8.0,0.1,0.1731,0.1119,0.3691,0.3254,0.2851
True,1.0,0.3,0.05,8.0,0.1,0.194,0.1134,0.3716,0.3249,0.2849
False,0.5,0.3,0.0,12.0,0.1,0.1851,0.1149,0.3729,0.3247,0.2842
False,1.0,0.3,0.0,8.0,0.2,0.1791,0.1224,0.3865,0.3242,0.2732
True,0.5,0.0,0.0,8.0,0.1,0.1791,0.1149,0.4002,0.3239,0.276
False,2.0,0.3,0.0,8.0,0.2,0.1761,0.1164,0.3791,0.3237,0.2762
True,2.0,0.0,0.0,8.0,0.1,0.1672,0.1119,0.4002,0.3234,0.2785
True,2.0,0.3,0.05,12.0,0.2,0.1701,0.1119,0.3766,0.3229,0.2793
True,0.5,0.0,0.0,12.0,0.2,0.1761,0.1164,0.4151,0.3227,0.269
True,0.5,0.3,0.05,8.0,0.1,0.194,0.1134,0.3604,0.3226,0.2854
True,1.0,0.3,0.05,12.0,0.2,0.191,0.1134,0.3791,0.3223,0.279
True,0.5,0.3,0.0,16.0,0.1,0.1851,0.1134,0.3713,0.3205,0.2814
True,0.5,0.3,0.0,16.0,0.2,0.1851,0.1134,0.3713,0.3205,0.2817
True,1.0,0.0,0.0,8.0,0.2,0.1731,0.1164,0.4077,0.3203,0.2676
True,2.0,0.0,0.0,12.0,0.2,0.1672,0.1134,0.4151,0.32,0.2684
False,0.5,0.3,0.0,12.0,0.2,0.1821,0.1149,0.3729,0.3186,0.2751
True,2.0,0.3,0.0,16.0,0.1,0.1731,0.1104,0.3704,0.3171,0.2792
True,2.0,0.3,0.0,16.0,0.2,0.1731,0.1104,0.3704,0.3171,0.2795
True,0.5,0.3,0.05,12.0,0.2,0.191,0.1134,0.3679,0.3169,0.2755
True,1.0,0.3,0.0,8.0,0.1,0.1821,0.1119,0.3691,0.3169,0.2763
True,0.5,0.3,0.0,12.0,0.1,0.1821,0.1119,0.3663,0.3159,0.2769
False,0.5,0.3,0.0,8.0,0.1,0.1821,0.1134,0.3579,0.3153,0.2773
True,2.0,0.3,0.0,12.0,0.1,0.1731,0.109,0.3654,0.3149,0.2781
True,2.0,0.3,0.05,8.0,0.2,0.1672,0.1104,0.3617,0.3135,0.2723
True,0.5,0.0,0.0,8.0,0.2,0.1731,0.1149,0.4002,0.3133,0.2621
True,1.0,0.3,0.05,8.0,0.2,0.1881,0.1119,0.3641,0.3128,0.2721
True,1.0,0.3,0.0,12.0,0.2,0.1791,0.1104,0.3691,0.3113,0.27
True,2.0,0.0,0.0,8.0,0.2,0.1642,0.1119,0.4002,0.3106,0.2615
True,0.5,0.3,0.05,8.0,0.2,0.1881,0.1119,0.3529,0.3104,0.2723
False,0.5,0.3,0.0,8.0,0.2,0.1791,0.1134,0.3579,0.3092,0.2683
True,0.5,0.3,0.0,8.0,0.1,0.1791,0.1104,0.3514,0.3065,0.27
True,2.0,0.3,0.0,8.0,0.1,0.1701,0.1075,0.3505,0.3055,0.2712
True,1.0,0.3,0.0,8.0,0.2,0.1761,0.109,0.3542,0.3019,0.263
True,0.5,0.3,0.0,12.0,0.2,0.1761,0.109,0.3514,0.301,0.2636
True,2.0,0.3,0.0,12.0,0.2,0.1672,0.106,0.3505,0.3,0.2648
True,0.5,0.3,0.0,8.0,0.2,0.1731,0.1075,0.3364,0.2916,0.2567
True,2.0,0.3,0.0,8.0,0.2,0.1642,0.1045,0.3355,0.2906,0.2579
